--============================================================================--
DROP TABLE REGIONS;
DROP TABLE COUNTRIES;
DROP TABLE LOCATIONS;
DROP TABLE DEPARTMENTS;
DROP TABLE JOBS;
DROP TABLE EMPLOYEES;
DROP TABLE DEPENDENTS;
--============================================================================--
CREATE TABLE REGIONS(
    REGION_ID INT, 
    REGION_NAME VARCHAR2(255)
);

CREATE TABLE COUNTRIES(
    COUNTRY_ID VARCHAR2(255), 
    COUNTRY_NAME VARCHAR2(255), 
    REGION_ID INT
);

CREATE TABLE LOCATIONS(
    LOCATION_ID NUMBER, 
    STREET_ADDRESS VARCHAR2(255), 
    POSTAL_CODE VARCHAR(255), 
    CITY VARCHAR2(255), 
    STATE_PROVINCE VARCHAR2(255), 
    COUNTRY_ID VARCHAR2(255)
);

CREATE TABLE DEPARTMENTS(
    DEPARTMENT_ID INT, 
    DEPARTMENT_NAME VARCHAR2(255), 
    MANAGER_ID INT, 
    LOCATION_ID NUMBER
);

CREATE TABLE JOBS(
    JOB_ID INT, 
    JOB_TITLE VARCHAR2(255), 
    MIN_SALARY NUMBER, 
    MAX_SALARY NUMBER
);

CREATE TABLE EMPLOYEES(
    EMPLOYEE_ID INT, 
    FIRST_NAME VARCHAR2(255), 
    LAST_NAME VARCHAR2(255), 
    EMAIL VARCHAR2(255), 
    PHONE_NUMBER VARCHAR2(255), 
    HIRE_DATE DATE, 
    JOB_ID INT, 
    SALARY NUMBER, 
    COMMISSION_PCT INT, 
    MANAGER_ID INT, 
    DEPARTMENT_ID INT
);

CREATE TABLE DEPENDENTS(
    DEPENDENT_ID INT, 
    FIRST_NAME VARCHAR2(255), 
    LAST_NAME VARCHAR2(255), 
    RELATIONSHIP VARCHAR2(255), 
    EMPLOYEE_ID INT
);
--============================================================================--
--INSERT INTO REGIONS(REGION_ID,REGION_NAME) VALUES(1,'Europe');
--INSERT INTO COUNTRIES(COUNTRY_ID,COUNTRY_NAME,REGION_ID) VALUES('AR','Argentina',2);
--INSERT INTO LOCATIONS(LOCATION_ID,STREET_ADDRESS,POSTAL_CODE,CITY,STATE_PROVINCE,COUNTRY_ID) VALUES(1400,'2014 Jabberwocky Rd','26192','Southlake','Texas','US');
--INSERT INTO DEPARTMENTS(DEPARTMENT_ID,DEPARTMENT_NAME,MANAGER_ID,LOCATION_ID) VALUES(1,'Administration',NULL,1700);
--INSERT INTO JOBS(JOB_ID,JOB_TITLE,MIN_SALARY,MAX_SALARY) VALUES('1','Public Accountant',4200,9000);
--INSERT INTO EMPLOYEES(EMPLOYEE_ID,FIRST_NAME,LAST_NAME,EMAIL,PHONE_NUMBER,HIRE_DATE,JOB_ID,SALARY,COMMISSION_PCT,MANAGER_ID,DEPARTMENT_ID) VALUES(100,'Steven','King','steven.king@sqltutorial.org','515.123.4567',TO_DATE('1987-06-17', 'YYYY-mm-dd'),'4',23999.999999999999111,NULL,NULL,9);
--INSERT INTO DEPENDENTS(DEPENDENT_ID, FIRST_NAME, LAST_NAME, RELATIONSHIP, EMPLOYEE_ID) VALUES (1, 'Penelope', 'Gietz', 'Child', 206);
--============================================================================--
INSERT INTO REGIONS(REGION_ID,REGION_NAME) VALUES(1,'Europe');
INSERT INTO REGIONS(REGION_ID,REGION_NAME) VALUES(2,'Americas');
INSERT INTO REGIONS(REGION_ID,REGION_NAME) VALUES(3,'Asia');
INSERT INTO REGIONS(REGION_ID,REGION_NAME) VALUES(4,'Middle East and Africa');
----------------------------------------
INSERT INTO COUNTRIES(COUNTRY_ID,COUNTRY_NAME,REGION_ID) VALUES('AR','Argentina',2);
INSERT INTO COUNTRIES(COUNTRY_ID,COUNTRY_NAME,REGION_ID) VALUES('AU','Australia',3);
INSERT INTO COUNTRIES(COUNTRY_ID,COUNTRY_NAME,REGION_ID) VALUES('BE','Belgium',1);
INSERT INTO COUNTRIES(COUNTRY_ID,COUNTRY_NAME,REGION_ID) VALUES('BR','Brazil',2);
INSERT INTO COUNTRIES(COUNTRY_ID,COUNTRY_NAME,REGION_ID) VALUES('CA','Canada',2);
INSERT INTO COUNTRIES(COUNTRY_ID,COUNTRY_NAME,REGION_ID) VALUES('CH','Switzerland',1);
INSERT INTO COUNTRIES(COUNTRY_ID,COUNTRY_NAME,REGION_ID) VALUES('CN','China',3);
INSERT INTO COUNTRIES(COUNTRY_ID,COUNTRY_NAME,REGION_ID) VALUES('DE','Germany',1);
INSERT INTO COUNTRIES(COUNTRY_ID,COUNTRY_NAME,REGION_ID) VALUES('DK','Denmark',1);
INSERT INTO COUNTRIES(COUNTRY_ID,COUNTRY_NAME,REGION_ID) VALUES('EG','Egypt',4);
INSERT INTO COUNTRIES(COUNTRY_ID,COUNTRY_NAME,REGION_ID) VALUES('FR','France',1);
INSERT INTO COUNTRIES(COUNTRY_ID,COUNTRY_NAME,REGION_ID) VALUES('HK','HongKong',3);
INSERT INTO COUNTRIES(COUNTRY_ID,COUNTRY_NAME,REGION_ID) VALUES('IL','Israel',4);
INSERT INTO COUNTRIES(COUNTRY_ID,COUNTRY_NAME,REGION_ID) VALUES('IN','India',3);
INSERT INTO COUNTRIES(COUNTRY_ID,COUNTRY_NAME,REGION_ID) VALUES('IT','Italy',1);
INSERT INTO COUNTRIES(COUNTRY_ID,COUNTRY_NAME,REGION_ID) VALUES('JP','Japan',3);
INSERT INTO COUNTRIES(COUNTRY_ID,COUNTRY_NAME,REGION_ID) VALUES('KW','Kuwait',4);
INSERT INTO COUNTRIES(COUNTRY_ID,COUNTRY_NAME,REGION_ID) VALUES('MX','Mexico',2);
INSERT INTO COUNTRIES(COUNTRY_ID,COUNTRY_NAME,REGION_ID) VALUES('NG','Nigeria',4);
INSERT INTO COUNTRIES(COUNTRY_ID,COUNTRY_NAME,REGION_ID) VALUES('NL','Netherlands',1);
INSERT INTO COUNTRIES(COUNTRY_ID,COUNTRY_NAME,REGION_ID) VALUES('SG','Singapore',3);
INSERT INTO COUNTRIES(COUNTRY_ID,COUNTRY_NAME,REGION_ID) VALUES('UK','United Kingdom',1);
INSERT INTO COUNTRIES(COUNTRY_ID,COUNTRY_NAME,REGION_ID) VALUES('US','United States of America',2);
INSERT INTO COUNTRIES(COUNTRY_ID,COUNTRY_NAME,REGION_ID) VALUES('ZM','Zambia',4);
INSERT INTO COUNTRIES(COUNTRY_ID,COUNTRY_NAME,REGION_ID) VALUES('ZW','Zimbabwe',4);
----------------------------------------
INSERT INTO LOCATIONS(LOCATION_ID,STREET_ADDRESS,POSTAL_CODE,CITY,STATE_PROVINCE,COUNTRY_ID) VALUES(1400,'2014 Jabberwocky Rd','26192','Southlake','Texas','US');
INSERT INTO LOCATIONS(LOCATION_ID,STREET_ADDRESS,POSTAL_CODE,CITY,STATE_PROVINCE,COUNTRY_ID) VALUES(1500,'2011 Interiors Blvd','99236','South San Francisco','California','US');
INSERT INTO LOCATIONS(LOCATION_ID,STREET_ADDRESS,POSTAL_CODE,CITY,STATE_PROVINCE,COUNTRY_ID) VALUES(1700,'2004 Charade Rd','98199','Seattle','Washington','US');
INSERT INTO LOCATIONS(LOCATION_ID,STREET_ADDRESS,POSTAL_CODE,CITY,STATE_PROVINCE,COUNTRY_ID) VALUES(1800,'147 Spadina Ave','M5V 2L7','Toronto','Ontario','CA');
INSERT INTO LOCATIONS(LOCATION_ID,STREET_ADDRESS,POSTAL_CODE,CITY,STATE_PROVINCE,COUNTRY_ID) VALUES(2400,'8204 Arthur St',NULL,'London',NULL,'UK');
INSERT INTO LOCATIONS(LOCATION_ID,STREET_ADDRESS,POSTAL_CODE,CITY,STATE_PROVINCE,COUNTRY_ID) VALUES(2500,'Magdalen Centre, The Oxford Science Park','OX9 9ZB','Oxford','Oxford','UK');
INSERT INTO LOCATIONS(LOCATION_ID,STREET_ADDRESS,POSTAL_CODE,CITY,STATE_PROVINCE,COUNTRY_ID) VALUES(2700,'Schwanthalerstr. 7031','80925','Munich','Bavaria','DE');
----------------------------------------
INSERT INTO DEPARTMENTS(DEPARTMENT_ID,DEPARTMENT_NAME,MANAGER_ID,LOCATION_ID) VALUES(1,'Administration',NULL,1700);
INSERT INTO DEPARTMENTS(DEPARTMENT_ID,DEPARTMENT_NAME,MANAGER_ID,LOCATION_ID) VALUES(2,'Marketing',NULL,1800);
INSERT INTO DEPARTMENTS(DEPARTMENT_ID,DEPARTMENT_NAME,MANAGER_ID,LOCATION_ID) VALUES(3,'Purchasing',NULL,1700);
INSERT INTO DEPARTMENTS(DEPARTMENT_ID,DEPARTMENT_NAME,MANAGER_ID,LOCATION_ID) VALUES(4,'Human Resources',NULL,2400);
INSERT INTO DEPARTMENTS(DEPARTMENT_ID,DEPARTMENT_NAME,MANAGER_ID,LOCATION_ID) VALUES(5,'Shipping',NULL,1500);
INSERT INTO DEPARTMENTS(DEPARTMENT_ID,DEPARTMENT_NAME,MANAGER_ID,LOCATION_ID) VALUES(6,'IT',NULL,1400);
INSERT INTO DEPARTMENTS(DEPARTMENT_ID,DEPARTMENT_NAME,MANAGER_ID,LOCATION_ID) VALUES(7,'Public Relations',NULL,2700);
INSERT INTO DEPARTMENTS(DEPARTMENT_ID,DEPARTMENT_NAME,MANAGER_ID,LOCATION_ID) VALUES(8,'Sales',NULL,2500);
INSERT INTO DEPARTMENTS(DEPARTMENT_ID,DEPARTMENT_NAME,MANAGER_ID,LOCATION_ID) VALUES(9,'Executive',NULL,1700);
INSERT INTO DEPARTMENTS(DEPARTMENT_ID,DEPARTMENT_NAME,MANAGER_ID,LOCATION_ID) VALUES(10,'Finance',NULL,1700);
INSERT INTO DEPARTMENTS(DEPARTMENT_ID,DEPARTMENT_NAME,MANAGER_ID,LOCATION_ID) VALUES(11,'Accounting',NULL,1700);
----------------------------------------
INSERT INTO JOBS(JOB_ID,JOB_TITLE,MIN_SALARY,MAX_SALARY) VALUES('1','Public Accountant',4200,9000);
INSERT INTO JOBS(JOB_ID,JOB_TITLE,MIN_SALARY,MAX_SALARY) VALUES('2','Accounting Manager',8200,16000);
INSERT INTO JOBS(JOB_ID,JOB_TITLE,MIN_SALARY,MAX_SALARY) VALUES('3','Administration Assistant',3000,6000);
INSERT INTO JOBS(JOB_ID,JOB_TITLE,MIN_SALARY,MAX_SALARY) VALUES('4','President',20000,40000);
INSERT INTO JOBS(JOB_ID,JOB_TITLE,MIN_SALARY,MAX_SALARY) VALUES('5','Administration Vice President',15000,30000);
INSERT INTO JOBS(JOB_ID,JOB_TITLE,MIN_SALARY,MAX_SALARY) VALUES('6','Accountant',4200,9000);
INSERT INTO JOBS(JOB_ID,JOB_TITLE,MIN_SALARY,MAX_SALARY) VALUES('7','Finance Manager',8200,16000);
INSERT INTO JOBS(JOB_ID,JOB_TITLE,MIN_SALARY,MAX_SALARY) VALUES('8','Human Resources Representative',4000,9000);
INSERT INTO JOBS(JOB_ID,JOB_TITLE,MIN_SALARY,MAX_SALARY) VALUES('9','Programmer',4000,10000);
INSERT INTO JOBS(JOB_ID,JOB_TITLE,MIN_SALARY,MAX_SALARY) VALUES(10,'Marketing Manager',9000,15000);
INSERT INTO JOBS(JOB_ID,JOB_TITLE,MIN_SALARY,MAX_SALARY) VALUES(11,'Marketing Representative',4000,9000);
INSERT INTO JOBS(JOB_ID,JOB_TITLE,MIN_SALARY,MAX_SALARY) VALUES(12,'Public Relations Representative',4500,10500);
INSERT INTO JOBS(JOB_ID,JOB_TITLE,MIN_SALARY,MAX_SALARY) VALUES(13,'Purchasing Clerk',2500,5500);
INSERT INTO JOBS(JOB_ID,JOB_TITLE,MIN_SALARY,MAX_SALARY) VALUES(14,'Purchasing Manager',8000,15000);
INSERT INTO JOBS(JOB_ID,JOB_TITLE,MIN_SALARY,MAX_SALARY) VALUES(15,'Sales Manager',10000,20000);
INSERT INTO JOBS(JOB_ID,JOB_TITLE,MIN_SALARY,MAX_SALARY) VALUES(16,'Sales Representative',6000,12000);
INSERT INTO JOBS(JOB_ID,JOB_TITLE,MIN_SALARY,MAX_SALARY) VALUES(17,'Shipping Clerk',2500,5500);
INSERT INTO JOBS(JOB_ID,JOB_TITLE,MIN_SALARY,MAX_SALARY) VALUES(18,'Stock Clerk',2000,5000);
INSERT INTO JOBS(JOB_ID,JOB_TITLE,MIN_SALARY,MAX_SALARY) VALUES(19,'Stock Manager',5500,8500);
----------------------------------------
INSERT INTO EMPLOYEES(EMPLOYEE_ID,FIRST_NAME,LAST_NAME,EMAIL,PHONE_NUMBER,HIRE_DATE,JOB_ID,SALARY,COMMISSION_PCT,MANAGER_ID,DEPARTMENT_ID) VALUES(100,'Steven','King','steven.king@sqltutorial.org','515.123.4567',TO_DATE('1987-06-17', 'YYYY-mm-dd'),'4',23999.999999999999111,NULL,NULL,9);
INSERT INTO EMPLOYEES(EMPLOYEE_ID,FIRST_NAME,LAST_NAME,EMAIL,PHONE_NUMBER,HIRE_DATE,JOB_ID,SALARY,COMMISSION_PCT,MANAGER_ID,DEPARTMENT_ID) VALUES(101,'Neena','Kochhar','neena.kochhar@sqltutorial.org','515.123.4568',TO_DATE('1989-09-21', 'YYYY-mm-dd'),'5',17000.0,NULL,100,9);
INSERT INTO EMPLOYEES(EMPLOYEE_ID,FIRST_NAME,LAST_NAME,EMAIL,PHONE_NUMBER,HIRE_DATE,JOB_ID,SALARY,COMMISSION_PCT,MANAGER_ID,DEPARTMENT_ID) VALUES(102,'Lex','De Haan','lex.de haan@sqltutorial.org','515.123.4569',TO_DATE('1993-01-13', 'YYYY-mm-dd'),'5',17000.0,NULL,100,9);
INSERT INTO EMPLOYEES(EMPLOYEE_ID,FIRST_NAME,LAST_NAME,EMAIL,PHONE_NUMBER,HIRE_DATE,JOB_ID,SALARY,COMMISSION_PCT,MANAGER_ID,DEPARTMENT_ID) VALUES(103,'Alexander','Hunold','alexander.hunold@sqltutorial.org','590.423.4567',TO_DATE('1990-01-03', 'YYYY-mm-dd'),'9',9000.0,NULL,102,6);
INSERT INTO EMPLOYEES(EMPLOYEE_ID,FIRST_NAME,LAST_NAME,EMAIL,PHONE_NUMBER,HIRE_DATE,JOB_ID,SALARY,COMMISSION_PCT,MANAGER_ID,DEPARTMENT_ID) VALUES(104,'Bruce','Ernst','bruce.ernst@sqltutorial.org','590.423.4568',TO_DATE('1991-05-21', 'YYYY-mm-dd'),'9',6000.0,NULL,103,6);
INSERT INTO EMPLOYEES(EMPLOYEE_ID,FIRST_NAME,LAST_NAME,EMAIL,PHONE_NUMBER,HIRE_DATE,JOB_ID,SALARY,COMMISSION_PCT,MANAGER_ID,DEPARTMENT_ID) VALUES(105,'David','Austin','david.austin@sqltutorial.org','590.423.4569',TO_DATE('1997-06-25', 'YYYY-mm-dd'),'9',4799.9999999999998223,NULL,103,6);
INSERT INTO EMPLOYEES(EMPLOYEE_ID,FIRST_NAME,LAST_NAME,EMAIL,PHONE_NUMBER,HIRE_DATE,JOB_ID,SALARY,COMMISSION_PCT,MANAGER_ID,DEPARTMENT_ID) VALUES(106,'Valli','Pataballa','valli.pataballa@sqltutorial.org','590.423.4560',TO_DATE('1998-02-05', 'YYYY-mm-dd'),'9',4799.9999999999998223,NULL,103,6);
INSERT INTO EMPLOYEES(EMPLOYEE_ID,FIRST_NAME,LAST_NAME,EMAIL,PHONE_NUMBER,HIRE_DATE,JOB_ID,SALARY,COMMISSION_PCT,MANAGER_ID,DEPARTMENT_ID) VALUES(107,'Diana','Lorentz','diana.lorentz@sqltutorial.org','590.423.5567',TO_DATE('1999-02-07', 'YYYY-mm-dd'),'9',4200.0000000000001776,NULL,103,6);
INSERT INTO EMPLOYEES(EMPLOYEE_ID,FIRST_NAME,LAST_NAME,EMAIL,PHONE_NUMBER,HIRE_DATE,JOB_ID,SALARY,COMMISSION_PCT,MANAGER_ID,DEPARTMENT_ID) VALUES(108,'Nancy','Greenberg','nancy.greenberg@sqltutorial.org','515.124.4569',TO_DATE('1994-08-17', 'YYYY-mm-dd'),'7',11999.999999999999644,NULL,101,10);
INSERT INTO EMPLOYEES(EMPLOYEE_ID,FIRST_NAME,LAST_NAME,EMAIL,PHONE_NUMBER,HIRE_DATE,JOB_ID,SALARY,COMMISSION_PCT,MANAGER_ID,DEPARTMENT_ID) VALUES(109,'Daniel','Faviet','daniel.faviet@sqltutorial.org','515.124.4169',TO_DATE('1994-08-16', 'YYYY-mm-dd'),'6',9000.0,NULL,108,10);
INSERT INTO EMPLOYEES(EMPLOYEE_ID,FIRST_NAME,LAST_NAME,EMAIL,PHONE_NUMBER,HIRE_DATE,JOB_ID,SALARY,COMMISSION_PCT,MANAGER_ID,DEPARTMENT_ID) VALUES(110,'John','Chen','john.chen@sqltutorial.org','515.124.4269',TO_DATE('1997-09-28', 'YYYY-mm-dd'),'6',8199.9999999999992894,NULL,108,10);
INSERT INTO EMPLOYEES(EMPLOYEE_ID,FIRST_NAME,LAST_NAME,EMAIL,PHONE_NUMBER,HIRE_DATE,JOB_ID,SALARY,COMMISSION_PCT,MANAGER_ID,DEPARTMENT_ID) VALUES(111,'Ismael','Sciarra','ismael.sciarra@sqltutorial.org','515.124.4369',TO_DATE('1997-09-30', 'YYYY-mm-dd'),'6',7700.0000000000001776,NULL,108,10);
INSERT INTO EMPLOYEES(EMPLOYEE_ID,FIRST_NAME,LAST_NAME,EMAIL,PHONE_NUMBER,HIRE_DATE,JOB_ID,SALARY,COMMISSION_PCT,MANAGER_ID,DEPARTMENT_ID) VALUES(112,'Jose Manuel','Urman','jose manuel.urman@sqltutorial.org','515.124.4469',TO_DATE('1998-03-07', 'YYYY-mm-dd'),'6',7799.9999999999998223,NULL,108,10);
INSERT INTO EMPLOYEES(EMPLOYEE_ID,FIRST_NAME,LAST_NAME,EMAIL,PHONE_NUMBER,HIRE_DATE,JOB_ID,SALARY,COMMISSION_PCT,MANAGER_ID,DEPARTMENT_ID) VALUES(113,'Luis','Popp','luis.popp@sqltutorial.org','515.124.4567',TO_DATE('1999-12-07', 'YYYY-mm-dd'),'6',6900.0000000000003552,NULL,108,10);
INSERT INTO EMPLOYEES(EMPLOYEE_ID,FIRST_NAME,LAST_NAME,EMAIL,PHONE_NUMBER,HIRE_DATE,JOB_ID,SALARY,COMMISSION_PCT,MANAGER_ID,DEPARTMENT_ID) VALUES(114,'Den','Raphaely','den.raphaely@sqltutorial.org','515.127.4561',TO_DATE('1994-12-07', 'YYYY-mm-dd'),14,11000.000000000000888,NULL,100,3);
INSERT INTO EMPLOYEES(EMPLOYEE_ID,FIRST_NAME,LAST_NAME,EMAIL,PHONE_NUMBER,HIRE_DATE,JOB_ID,SALARY,COMMISSION_PCT,MANAGER_ID,DEPARTMENT_ID) VALUES(115,'Alexander','Khoo','alexander.khoo@sqltutorial.org','515.127.4562',TO_DATE('1995-05-18', 'YYYY-mm-dd'),13,3100.0000000000000888,NULL,114,3);
INSERT INTO EMPLOYEES(EMPLOYEE_ID,FIRST_NAME,LAST_NAME,EMAIL,PHONE_NUMBER,HIRE_DATE,JOB_ID,SALARY,COMMISSION_PCT,MANAGER_ID,DEPARTMENT_ID) VALUES(116,'Shelli','Baida','shelli.baida@sqltutorial.org','515.127.4563',TO_DATE('1997-12-24', 'YYYY-mm-dd'),13,2900.0,NULL,114,3);
INSERT INTO EMPLOYEES(EMPLOYEE_ID,FIRST_NAME,LAST_NAME,EMAIL,PHONE_NUMBER,HIRE_DATE,JOB_ID,SALARY,COMMISSION_PCT,MANAGER_ID,DEPARTMENT_ID) VALUES(117,'Sigal','Tobias','sigal.tobias@sqltutorial.org','515.127.4564',TO_DATE('1997-07-24', 'YYYY-mm-dd'),13,2799.9999999999998223,NULL,114,3);
INSERT INTO EMPLOYEES(EMPLOYEE_ID,FIRST_NAME,LAST_NAME,EMAIL,PHONE_NUMBER,HIRE_DATE,JOB_ID,SALARY,COMMISSION_PCT,MANAGER_ID,DEPARTMENT_ID) VALUES(118,'Guy','Himuro','guy.himuro@sqltutorial.org','515.127.4565',TO_DATE('1998-11-15', 'YYYY-mm-dd'),13,2600.0000000000000888,NULL,114,3);
INSERT INTO EMPLOYEES(EMPLOYEE_ID,FIRST_NAME,LAST_NAME,EMAIL,PHONE_NUMBER,HIRE_DATE,JOB_ID,SALARY,COMMISSION_PCT,MANAGER_ID,DEPARTMENT_ID) VALUES(119,'Karen','Colmenares','karen.colmenares@sqltutorial.org','515.127.4566',TO_DATE('1999-08-10', 'YYYY-mm-dd'),13,2500.0,NULL,114,3);
INSERT INTO EMPLOYEES(EMPLOYEE_ID,FIRST_NAME,LAST_NAME,EMAIL,PHONE_NUMBER,HIRE_DATE,JOB_ID,SALARY,COMMISSION_PCT,MANAGER_ID,DEPARTMENT_ID) VALUES(120,'Matthew','Weiss','matthew.weiss@sqltutorial.org','650.123.1234',TO_DATE('1996-07-18', 'YYYY-mm-dd'),19,8000.0,NULL,100,5);
INSERT INTO EMPLOYEES(EMPLOYEE_ID,FIRST_NAME,LAST_NAME,EMAIL,PHONE_NUMBER,HIRE_DATE,JOB_ID,SALARY,COMMISSION_PCT,MANAGER_ID,DEPARTMENT_ID) VALUES(121,'Adam','Fripp','adam.fripp@sqltutorial.org','650.123.2234',TO_DATE('1997-04-10', 'YYYY-mm-dd'),19,8199.9999999999992894,NULL,100,5);
INSERT INTO EMPLOYEES(EMPLOYEE_ID,FIRST_NAME,LAST_NAME,EMAIL,PHONE_NUMBER,HIRE_DATE,JOB_ID,SALARY,COMMISSION_PCT,MANAGER_ID,DEPARTMENT_ID) VALUES(122,'Payam','Kaufling','payam.kaufling@sqltutorial.org','650.123.3234',TO_DATE('1995-05-01', 'YYYY-mm-dd'),19,7900.0000000000003552,NULL,100,5);
INSERT INTO EMPLOYEES(EMPLOYEE_ID,FIRST_NAME,LAST_NAME,EMAIL,PHONE_NUMBER,HIRE_DATE,JOB_ID,SALARY,COMMISSION_PCT,MANAGER_ID,DEPARTMENT_ID) VALUES(123,'Shanta','Vollman','shanta.vollman@sqltutorial.org','650.123.4234',TO_DATE('1997-10-10', 'YYYY-mm-dd'),19,6500.0,NULL,100,5);
INSERT INTO EMPLOYEES(EMPLOYEE_ID,FIRST_NAME,LAST_NAME,EMAIL,PHONE_NUMBER,HIRE_DATE,JOB_ID,SALARY,COMMISSION_PCT,MANAGER_ID,DEPARTMENT_ID) VALUES(126,'Irene','Mikkilineni','irene.mikkilineni@sqltutorial.org','650.124.1224',TO_DATE('1998-09-28', 'YYYY-mm-dd'),18,2700.0000000000001776,NULL,120,5);
INSERT INTO EMPLOYEES(EMPLOYEE_ID,FIRST_NAME,LAST_NAME,EMAIL,PHONE_NUMBER,HIRE_DATE,JOB_ID,SALARY,COMMISSION_PCT,MANAGER_ID,DEPARTMENT_ID) VALUES(145,'John','Russell','john.russell@sqltutorial.org',NULL,TO_DATE('1996-10-01', 'YYYY-mm-dd'),15,13999.999999999999111,NULL,100,8);
INSERT INTO EMPLOYEES(EMPLOYEE_ID,FIRST_NAME,LAST_NAME,EMAIL,PHONE_NUMBER,HIRE_DATE,JOB_ID,SALARY,COMMISSION_PCT,MANAGER_ID,DEPARTMENT_ID) VALUES(146,'Karen','Partners','karen.partners@sqltutorial.org',NULL,TO_DATE('1997-01-05', 'YYYY-mm-dd'),15,13500.000000000000888,NULL,100,8);
INSERT INTO EMPLOYEES(EMPLOYEE_ID,FIRST_NAME,LAST_NAME,EMAIL,PHONE_NUMBER,HIRE_DATE,JOB_ID,SALARY,COMMISSION_PCT,MANAGER_ID,DEPARTMENT_ID) VALUES(176,'Jonathon','Taylor','jonathon.taylor@sqltutorial.org',NULL,TO_DATE('1998-03-24', 'YYYY-mm-dd'),16,8599.9999999999996447,NULL,100,8);
INSERT INTO EMPLOYEES(EMPLOYEE_ID,FIRST_NAME,LAST_NAME,EMAIL,PHONE_NUMBER,HIRE_DATE,JOB_ID,SALARY,COMMISSION_PCT,MANAGER_ID,DEPARTMENT_ID) VALUES(177,'Jack','Livingston','jack.livingston@sqltutorial.org',NULL,TO_DATE('1998-04-23', 'YYYY-mm-dd'),16,8400.0000000000003552,NULL,100,8);
INSERT INTO EMPLOYEES(EMPLOYEE_ID,FIRST_NAME,LAST_NAME,EMAIL,PHONE_NUMBER,HIRE_DATE,JOB_ID,SALARY,COMMISSION_PCT,MANAGER_ID,DEPARTMENT_ID) VALUES(178,'Kimberely','Grant','kimberely.grant@sqltutorial.org',NULL,TO_DATE('1999-05-24', 'YYYY-mm-dd'),16,7000.0,NULL,100,8);
INSERT INTO EMPLOYEES(EMPLOYEE_ID,FIRST_NAME,LAST_NAME,EMAIL,PHONE_NUMBER,HIRE_DATE,JOB_ID,SALARY,COMMISSION_PCT,MANAGER_ID,DEPARTMENT_ID) VALUES(179,'Charles','Johnson','charles.johnson@sqltutorial.org',NULL,TO_DATE('2000-01-04', 'YYYY-mm-dd'),16,6200.0000000000001776,NULL,100,8);
INSERT INTO EMPLOYEES(EMPLOYEE_ID,FIRST_NAME,LAST_NAME,EMAIL,PHONE_NUMBER,HIRE_DATE,JOB_ID,SALARY,COMMISSION_PCT,MANAGER_ID,DEPARTMENT_ID) VALUES(192,'Sarah','Bell','sarah.bell@sqltutorial.org','650.501.1876',TO_DATE('1996-02-04', 'YYYY-mm-dd'),17,4000.0,NULL,123,5);
INSERT INTO EMPLOYEES(EMPLOYEE_ID,FIRST_NAME,LAST_NAME,EMAIL,PHONE_NUMBER,HIRE_DATE,JOB_ID,SALARY,COMMISSION_PCT,MANAGER_ID,DEPARTMENT_ID) VALUES(193,'Britney','Everett','britney.everett@sqltutorial.org','650.501.2876',TO_DATE('1997-03-03', 'YYYY-mm-dd'),17,3900.0,NULL,123,5);
INSERT INTO EMPLOYEES(EMPLOYEE_ID,FIRST_NAME,LAST_NAME,EMAIL,PHONE_NUMBER,HIRE_DATE,JOB_ID,SALARY,COMMISSION_PCT,MANAGER_ID,DEPARTMENT_ID) VALUES(200,'Jennifer','Whalen','jennifer.whalen@sqltutorial.org','515.123.4444',TO_DATE('1987-09-17', 'YYYY-mm-dd'),'3',4400.0000000000003552,NULL,101,1);
INSERT INTO EMPLOYEES(EMPLOYEE_ID,FIRST_NAME,LAST_NAME,EMAIL,PHONE_NUMBER,HIRE_DATE,JOB_ID,SALARY,COMMISSION_PCT,MANAGER_ID,DEPARTMENT_ID) VALUES(201,'Michael','Hartstein','michael.hartstein@sqltutorial.org','515.123.5555',TO_DATE('1996-02-17', 'YYYY-mm-dd'),10,13000.000000000000444,NULL,100,2);
INSERT INTO EMPLOYEES(EMPLOYEE_ID,FIRST_NAME,LAST_NAME,EMAIL,PHONE_NUMBER,HIRE_DATE,JOB_ID,SALARY,COMMISSION_PCT,MANAGER_ID,DEPARTMENT_ID) VALUES(202,'Pat','Fay','pat.fay@sqltutorial.org','603.123.6666',TO_DATE('1997-08-17', 'YYYY-mm-dd'),11,6000.0,NULL,201,2);
INSERT INTO EMPLOYEES(EMPLOYEE_ID,FIRST_NAME,LAST_NAME,EMAIL,PHONE_NUMBER,HIRE_DATE,JOB_ID,SALARY,COMMISSION_PCT,MANAGER_ID,DEPARTMENT_ID) VALUES(203,'Susan','Mavris','susan.mavris@sqltutorial.org','515.123.7777',TO_DATE('1994-06-07', 'YYYY-mm-dd'),'8',6500.0,NULL,101,4);
INSERT INTO EMPLOYEES(EMPLOYEE_ID,FIRST_NAME,LAST_NAME,EMAIL,PHONE_NUMBER,HIRE_DATE,JOB_ID,SALARY,COMMISSION_PCT,MANAGER_ID,DEPARTMENT_ID) VALUES(204,'Hermann','Baer','hermann.baer@sqltutorial.org','515.123.8888',TO_DATE('1994-06-07', 'YYYY-mm-dd'),12,10000.0,NULL,101,7);
INSERT INTO EMPLOYEES(EMPLOYEE_ID,FIRST_NAME,LAST_NAME,EMAIL,PHONE_NUMBER,HIRE_DATE,JOB_ID,SALARY,COMMISSION_PCT,MANAGER_ID,DEPARTMENT_ID) VALUES(205,'Shelley','Higgins','shelley.higgins@sqltutorial.org','515.123.8080',TO_DATE('1994-06-07', 'YYYY-mm-dd'),'2',11999.999999999999644,NULL,101,11);
INSERT INTO EMPLOYEES(EMPLOYEE_ID,FIRST_NAME,LAST_NAME,EMAIL,PHONE_NUMBER,HIRE_DATE,JOB_ID,SALARY,COMMISSION_PCT,MANAGER_ID,DEPARTMENT_ID) VALUES(206,'William','Gietz','william.gietz@sqltutorial.org','515.123.8181',TO_DATE('1994-06-07', 'YYYY-mm-dd'),'1',8300.0000000000007105,NULL,205,11);
----------------------------------------
INSERT INTO DEPENDENTS(DEPENDENT_ID, FIRST_NAME, LAST_NAME, RELATIONSHIP, EMPLOYEE_ID) VALUES (1, 'Penelope', 'Gietz', 'Child', 206);
INSERT INTO DEPENDENTS(DEPENDENT_ID, FIRST_NAME, LAST_NAME, RELATIONSHIP, EMPLOYEE_ID) VALUES (2, 'Nick', 'Higgins', 'Child', 205);
INSERT INTO DEPENDENTS(DEPENDENT_ID, FIRST_NAME, LAST_NAME, RELATIONSHIP, EMPLOYEE_ID) VALUES (3, 'Ed', 'Whalen', 'Child', 200);
INSERT INTO DEPENDENTS(DEPENDENT_ID, FIRST_NAME, LAST_NAME, RELATIONSHIP, EMPLOYEE_ID) VALUES (4, 'Jennifer', 'King', 'Child', 100);
INSERT INTO DEPENDENTS(DEPENDENT_ID, FIRST_NAME, LAST_NAME, RELATIONSHIP, EMPLOYEE_ID) VALUES (5, 'Johnny', 'Kochhar', 'Child', 101);
INSERT INTO DEPENDENTS(DEPENDENT_ID, FIRST_NAME, LAST_NAME, RELATIONSHIP, EMPLOYEE_ID) VALUES (6, 'Bette', 'De Haan', 'Child', 102);
INSERT INTO DEPENDENTS(DEPENDENT_ID, FIRST_NAME, LAST_NAME, RELATIONSHIP, EMPLOYEE_ID) VALUES (7, 'Grace', 'Faviet', 'Child', 109);
INSERT INTO DEPENDENTS(DEPENDENT_ID, FIRST_NAME, LAST_NAME, RELATIONSHIP, EMPLOYEE_ID) VALUES (8, 'Matthew', 'Chen', 'Child', 110);
INSERT INTO DEPENDENTS(DEPENDENT_ID, FIRST_NAME, LAST_NAME, RELATIONSHIP, EMPLOYEE_ID) VALUES (9, 'Joe', 'Sciarra', 'Child', 111);
INSERT INTO DEPENDENTS(DEPENDENT_ID, FIRST_NAME, LAST_NAME, RELATIONSHIP, EMPLOYEE_ID) VALUES (10, 'Christian', 'Urman', 'Child', 112);
INSERT INTO DEPENDENTS(DEPENDENT_ID, FIRST_NAME, LAST_NAME, RELATIONSHIP, EMPLOYEE_ID) VALUES (11, 'Zero', 'Popp', 'Child', 113);
INSERT INTO DEPENDENTS(DEPENDENT_ID, FIRST_NAME, LAST_NAME, RELATIONSHIP, EMPLOYEE_ID) VALUES (12, 'Karl', 'Greenberg', 'Child', 108);
INSERT INTO DEPENDENTS(DEPENDENT_ID, FIRST_NAME, LAST_NAME, RELATIONSHIP, EMPLOYEE_ID) VALUES (13, 'Uma', 'Mavris', 'Child', 203);
INSERT INTO DEPENDENTS(DEPENDENT_ID, FIRST_NAME, LAST_NAME, RELATIONSHIP, EMPLOYEE_ID) VALUES (14, 'Vivien', 'Hunold', 'Child', 103);
INSERT INTO DEPENDENTS(DEPENDENT_ID, FIRST_NAME, LAST_NAME, RELATIONSHIP, EMPLOYEE_ID) VALUES (15, 'Cuba', 'Ernst', 'Child', 104);
INSERT INTO DEPENDENTS(DEPENDENT_ID, FIRST_NAME, LAST_NAME, RELATIONSHIP, EMPLOYEE_ID) VALUES (16, 'Fred', 'Austin', 'Child', 105);
INSERT INTO DEPENDENTS(DEPENDENT_ID, FIRST_NAME, LAST_NAME, RELATIONSHIP, EMPLOYEE_ID) VALUES (17, 'Helen', 'Pataballa', 'Child', 106);
INSERT INTO DEPENDENTS(DEPENDENT_ID, FIRST_NAME, LAST_NAME, RELATIONSHIP, EMPLOYEE_ID) VALUES (18, 'Dan', 'Lorentz', 'Child', 107);
INSERT INTO DEPENDENTS(DEPENDENT_ID, FIRST_NAME, LAST_NAME, RELATIONSHIP, EMPLOYEE_ID) VALUES (19, 'Bob', 'Hartstein', 'Child', 201);
INSERT INTO DEPENDENTS(DEPENDENT_ID, FIRST_NAME, LAST_NAME, RELATIONSHIP, EMPLOYEE_ID) VALUES (20, 'Lucille', 'Fay', 'Child', 202);
INSERT INTO DEPENDENTS(DEPENDENT_ID, FIRST_NAME, LAST_NAME, RELATIONSHIP, EMPLOYEE_ID) VALUES (21, 'Kirsten', 'Baer', 'Child', 204);
INSERT INTO DEPENDENTS(DEPENDENT_ID, FIRST_NAME, LAST_NAME, RELATIONSHIP, EMPLOYEE_ID) VALUES (22, 'Elvis', 'Khoo', 'Child', 115);
INSERT INTO DEPENDENTS(DEPENDENT_ID, FIRST_NAME, LAST_NAME, RELATIONSHIP, EMPLOYEE_ID) VALUES (23, 'Sandra', 'Baida', 'Child', 116);
INSERT INTO DEPENDENTS(DEPENDENT_ID, FIRST_NAME, LAST_NAME, RELATIONSHIP, EMPLOYEE_ID) VALUES (24, 'Cameron', 'Tobias', 'Child', 117);
INSERT INTO DEPENDENTS(DEPENDENT_ID, FIRST_NAME, LAST_NAME, RELATIONSHIP, EMPLOYEE_ID) VALUES (25, 'Kevin', 'Himuro', 'Child', 118);
INSERT INTO DEPENDENTS(DEPENDENT_ID, FIRST_NAME, LAST_NAME, RELATIONSHIP, EMPLOYEE_ID) VALUES (26, 'Rip', 'Colmenares', 'Child', 119);
INSERT INTO DEPENDENTS(DEPENDENT_ID, FIRST_NAME, LAST_NAME, RELATIONSHIP, EMPLOYEE_ID) VALUES (27, 'Julia', 'Raphaely', 'Child', 114);
INSERT INTO DEPENDENTS(DEPENDENT_ID, FIRST_NAME, LAST_NAME, RELATIONSHIP, EMPLOYEE_ID) VALUES (28, 'Woody', 'Russell', 'Child', 145);
INSERT INTO DEPENDENTS(DEPENDENT_ID, FIRST_NAME, LAST_NAME, RELATIONSHIP, EMPLOYEE_ID) VALUES (29, 'Alec', 'Partners', 'Child', 146);
INSERT INTO DEPENDENTS(DEPENDENT_ID, FIRST_NAME, LAST_NAME, RELATIONSHIP, EMPLOYEE_ID) VALUES (30, 'Sandra', 'Taylor', 'Child', 176);
--============================================================================--